Gender,Reading,Math,Writing
male,65.47302904564316,68.72821576763485,63.31120331950208
female,72.60810810810811,63.633204633204635,72.46718146718146
